{
  "properties": {
    "connectionReferences": {
      "shared_excelonlinebusiness": {
        "runtimeSource": "invoker",
        "connection": {
          "connectionReferenceLogicalName": "tsp_sharedexcelonlinebusiness_c23c8"
        },
        "api": {
          "name": "shared_excelonlinebusiness"
        }
      },
      "shared_commondataserviceforapps": {
        "runtimeSource": "embedded",
        "connection": {
          "connectionReferenceLogicalName": "tsp_sharedcommondataserviceforapps_c7122"
        },
        "api": {
          "name": "shared_commondataserviceforapps"
        }
      }
    },
    "definition": {
      "$schema": "https://schema.management.azure.com/providers/Microsoft.Logic/schemas/2016-06-01/workflowdefinition.json#",
      "contentVersion": "1.0.0.0",
      "parameters": {
        "$connections": {
          "defaultValue": {},
          "type": "Object"
        },
        "$authentication": {
          "defaultValue": {},
          "type": "SecureObject"
        }
      },
      "triggers": {
        "manual": {
          "metadata": {
            "operationMetadataId": "3fa3512f-8094-46f8-8364-0590480441a5"
          },
          "type": "Request",
          "kind": "Button",
          "inputs": {
            "schema": {
              "type": "object",
              "properties": {},
              "required": []
            }
          }
        }
      },
      "actions": {
        "List_IPA_Master_Rows": {
          "runAfter": {},
          "metadata": {
            "016G6YTBUHL7VYUYTRRJB3FBWP7MWDTGQJ": "/Data Imports/Provider Network Data.xlsx",
            "operationMetadataId": "346d285a-ec58-4d79-9663-5ac75b08d107",
            "tableId": "{99771A77-5FA0-43EB-8303-3F3E002AF6E5}"
          },
          "type": "OpenApiConnection",
          "inputs": {
            "host": {
              "connectionName": "shared_excelonlinebusiness",
              "operationId": "GetItems",
              "apiId": "/providers/Microsoft.PowerApps/apis/shared_excelonlinebusiness"
            },
            "parameters": {
              "source": "me",
              "drive": "b!jI2Ww6kRmU6zShzVB-HGDM3P43iTJslDiY_g-angr8OwbMvRI5yrT7_U7kAJ2zNh",
              "file": "016G6YTBUHL7VYUYTRRJB3FBWP7MWDTGQJ",
              "table": "{99771A77-5FA0-43EB-8303-3F3E002AF6E5}"
            },
            "authentication": {
              "type": "Raw",
              "value": "@json(decodeBase64(triggerOutputs().headers['X-MS-APIM-Tokens']))['$ConnectionKey']"
            }
          },
          "runtimeConfiguration": {
            "paginationPolicy": {
              "minimumItemCount": 1000
            }
          }
        },
        "Extract_JSON_Body_Payload": {
          "runAfter": {
            "List_IPA_Master_Rows": [
              "Succeeded"
            ]
          },
          "metadata": {
            "operationMetadataId": "448d0894-0b15-48c1-91fd-c11cfff0d083"
          },
          "type": "Compose",
          "inputs": "@body('List_IPA_Master_Rows')"
        },
        "Parse_JSON": {
          "runAfter": {
            "Extract_JSON_Body_Payload": [
              "Succeeded"
            ]
          },
          "metadata": {
            "operationMetadataId": "19f48c99-4e28-45e1-80b3-68bef7b1e5d5"
          },
          "type": "ParseJson",
          "inputs": {
            "content": "@outputs('Extract_JSON_Body_Payload')",
            "schema": {
              "type": "object",
              "properties": {
                "@@odata.context": {
                  "type": "string"
                },
                "value": {
                  "type": "array",
                  "items": {
                    "type": "object",
                    "properties": {
                      "@@odata.etag": {
                        "type": "string"
                      },
                      "ItemInternalId": {
                        "type": "string"
                      },
                      "IPA KEY": {
                        "type": "string"
                      },
                      "IPA": {
                        "type": "string"
                      },
                      "MSO": {
                        "type": "string"
                      },
                      "IPA Name": {
                        "type": "string"
                      },
                      "MSO Name": {
                        "type": "string"
                      },
                      "Type": {
                        "type": "string"
                      },
                      "Effective": {
                        "type": "string"
                      },
                      "Termed": {
                        "type": "string"
                      },
                      "IPA Flag": {
                        "type": "string"
                      },
                      "MSO Flag": {
                        "type": "string"
                      },
                      "Region": {
                        "type": "string"
                      },
                      "Sub Regional Meetings/PP": {
                        "type": "string"
                      },
                      "Core Meeting Assignment": {
                        "type": "string"
                      },
                      "MCLA": {
                        "type": "string"
                      },
                      "MCSD": {
                        "type": "string"
                      },
                      "CMC": {
                        "type": "string"
                      },
                      "MCD": {
                        "type": "string"
                      },
                      "COMM": {
                        "type": "string"
                      },
                      "Assigned Analyst": {
                        "type": "string"
                      },
                      "Reviewed": {
                        "type": "string"
                      },
                      "Administrator (PSR)": {
                        "type": "string"
                      },
                      "Encounter Data": {
                        "type": "string"
                      },
                      "PR Rep email (PSR)": {
                        "type": "string"
                      },
                      "PRC Manager Email (PSR)": {
                        "type": "string"
                      },
                      "Quality Improvement (PSR)": {
                        "type": "string"
                      },
                      "Provider Contract Director email (PSR)": {
                        "type": "string"
                      },
                      "Network Manager email (PSR)": {
                        "type": "string"
                      },
                      "Provider Partnership (PSR)": {
                        "type": "string"
                      },
                      "Risk Adjustment Analyst (no PSR) \nInclude in Recon": {
                        "type": "string"
                      },
                      "Performance PM Assigned (no PSR)": {
                        "type": "string"
                      },
                      "Provider Contract Director email (No PSR)": {
                        "type": "string"
                      },
                      "MSO PSR": {
                        "type": "string"
                      },
                      "SFTP Host Name": {
                        "type": "string"
                      },
                      "SFTP Username": {
                        "type": "string"
                      },
                      "SFTP Port": {
                        "type": "string"
                      },
                      "SFTP Password": {
                        "type": "string"
                      },
                      "Naming Conventions": {
                        "type": "string"
                      },
                      "Secure email PW": {
                        "type": "string"
                      },
                      "Parent Name": {
                        "type": "string"
                      },
                      "Managed Care Level": {
                        "type": "string"
                      },
                      "Management Company ID  (MSO ID)": {
                        "type": "string"
                      },
                      "Management Company Name (MANCO)": {
                        "type": "string"
                      },
                      "Management Company Short Name": {
                        "type": "string"
                      },
                      "Route Indicator": {
                        "type": "string"
                      },
                      "MMR File Indicator": {
                        "type": "string"
                      },
                      "MMR Layout Indicator": {
                        "type": "string"
                      },
                      "MOR File Indicator": {
                        "type": "string"
                      },
                      "RAPS File Indicator": {
                        "type": "string"
                      },
                      "RAPS Layout Indicator": {
                        "type": "string"
                      },
                      "MAO-004 File Indicator": {
                        "type": "string"
                      },
                      "MAO-004 Layout Indicator": {
                        "type": "string"
                      },
                      "MAO-002 File Indicator": {
                        "type": "string"
                      },
                      "MAO-002 Layout Indicator": {
                        "type": "string"
                      },
                      "Delivery": {
                        "type": "string"
                      },
                      "Zip File Prefix": {
                        "type": "string"
                      },
                      "Consolidated Notes": {
                        "type": "string"
                      }
                    },
                    "required": [
                      "@@odata.etag",
                      "ItemInternalId",
                      "IPA KEY",
                      "IPA",
                      "MSO",
                      "IPA Name",
                      "MSO Name",
                      "Type",
                      "Effective",
                      "Termed",
                      "IPA Flag",
                      "MSO Flag",
                      "Region",
                      "Sub Regional Meetings/PP",
                      "Core Meeting Assignment",
                      "MCLA",
                      "MCSD",
                      "CMC",
                      "MCD",
                      "COMM",
                      "Assigned Analyst",
                      "Reviewed",
                      "Administrator (PSR)",
                      "Encounter Data",
                      "PR Rep email (PSR)",
                      "PRC Manager Email (PSR)",
                      "Quality Improvement (PSR)",
                      "Provider Contract Director email (PSR)",
                      "Network Manager email (PSR)",
                      "Provider Partnership (PSR)",
                      "Risk Adjustment Analyst (no PSR) \nInclude in Recon",
                      "Performance PM Assigned (no PSR)",
                      "Provider Contract Director email (No PSR)",
                      "MSO PSR",
                      "SFTP Host Name",
                      "SFTP Username",
                      "SFTP Port",
                      "SFTP Password",
                      "Naming Conventions",
                      "Secure email PW",
                      "Parent Name",
                      "Managed Care Level",
                      "Management Company ID  (MSO ID)",
                      "Management Company Name (MANCO)",
                      "Management Company Short Name",
                      "Route Indicator",
                      "MMR File Indicator",
                      "MMR Layout Indicator",
                      "MOR File Indicator",
                      "RAPS File Indicator",
                      "RAPS Layout Indicator",
                      "MAO-004 File Indicator",
                      "MAO-004 Layout Indicator",
                      "MAO-002 File Indicator",
                      "MAO-002 Layout Indicator",
                      "Delivery",
                      "Zip File Prefix",
                      "Consolidated Notes"
                    ]
                  }
                },
                "@@odata.nextLink": {
                  "type": "string"
                }
              }
            }
          }
        },
        "Loop_through_all_rows": {
          "foreach": "@body('Parse_JSON')?['value']",
          "actions": {
            "Get_IPA_Key": {
              "runAfter": {},
              "metadata": {
                "operationMetadataId": "0d6d8cd5-2e9c-4fb8-9eea-9a6a5631ff07"
              },
              "type": "Compose",
              "inputs": "@items('Loop_through_all_rows')?['IPA KEY']"
            },
            "Get_Consolidated_Notes": {
              "runAfter": {
                "Get_IPA_Key": [
                  "Succeeded"
                ]
              },
              "metadata": {
                "operationMetadataId": "31eb617b-b25c-4eab-8964-f1953039d828"
              },
              "type": "Compose",
              "inputs": "@items('Loop_through_all_rows')?['Consolidated Notes']"
            },
            "Get_IPA_Master_Record_in_Dataverse": {
              "runAfter": {
                "Get_Consolidated_Notes": [
                  "Succeeded"
                ]
              },
              "metadata": {
                "operationMetadataId": "d3fd3599-d128-407c-8204-2a3dceecd5a0"
              },
              "type": "OpenApiConnection",
              "inputs": {
                "host": {
                  "connectionName": "shared_commondataserviceforapps",
                  "operationId": "ListRecords",
                  "apiId": "/providers/Microsoft.PowerApps/apis/shared_commondataserviceforapps"
                },
                "parameters": {
                  "entityName": "tsp_ipamsomasters",
                  "$filter": "(tsp_ipakey eq '@{outputs('Get_IPA_Key')}')",
                  "$top": 1
                },
                "authentication": {
                  "type": "Raw",
                  "value": "@json(decodeBase64(triggerOutputs().headers['X-MS-APIM-Tokens']))['$ConnectionKey']"
                }
              }
            },
            "Get_First_IPA_Master_Record": {
              "runAfter": {
                "Get_IPA_Master_Record_in_Dataverse": [
                  "Succeeded"
                ]
              },
              "metadata": {
                "operationMetadataId": "44279aad-b2b8-4b8b-9e04-a67dc3558af3"
              },
              "type": "Compose",
              "inputs": "@first(outputs('Get_IPA_Master_Record_in_Dataverse')?['body/value'])"
            },
            "Add_a_new_row": {
              "runAfter": {
                "Get_First_IPA_Master_Record": [
                  "Succeeded"
                ]
              },
              "metadata": {
                "operationMetadataId": "1c28b704-a31c-4146-a48c-d44184275bc4"
              },
              "type": "OpenApiConnection",
              "inputs": {
                "host": {
                  "connectionName": "shared_commondataserviceforapps",
                  "operationId": "CreateRecord",
                  "apiId": "/providers/Microsoft.PowerApps/apis/shared_commondataserviceforapps"
                },
                "parameters": {
                  "entityName": "annotations",
                  "item/subject": "Consolidated Notes",
                  "item/notetext": "@outputs('Get_Consolidated_Notes')",
                  "item/objectid_tsp_ipamsomaster@odata.bind": "tsp_ipamsomasters(@{outputs('Get_First_IPA_Master_Record')?['tsp_ipamsomasterid']})"
                },
                "authentication": {
                  "type": "Raw",
                  "value": "@json(decodeBase64(triggerOutputs().headers['X-MS-APIM-Tokens']))['$ConnectionKey']"
                }
              }
            }
          },
          "runAfter": {
            "Parse_JSON": [
              "Succeeded"
            ]
          },
          "metadata": {
            "operationMetadataId": "504b43b7-fe9d-42d2-8f5c-ffed0e39acd2"
          },
          "type": "Foreach"
        }
      }
    },
    "templateName": ""
  },
  "schemaVersion": "1.0.0.0"
}